keyword,asin,url,ad,title,price,real_price,rating,rating_count,thumbnail_url
ipad,B09G91TLNJ,https://www.amazon.com/2021-Apple-10-2-inch-Wi-Fi-256GB/dp/B09G91TLNJ/ref=sr_1_1,False,"Apple iPad (9th Generation): with A13 Bionic chip, 10.2-inch Retina Display, 256GB, Wi-Fi, 12MP front/8MP Back Camera, Touch ID, All-Day Battery Life – Silver",,,4.8,"117,967",https://m.media-amazon.com/images/I/61PnHlc0HCL._AC_UY218_.jpg
ipad,B0BJMCHC91,https://www.amazon.com/Apple-2022-10-9-inch-Wi-Fi-Cellular/dp/B0BJMCHC91/ref=sr_1_2,False,"Apple iPad (10th Generation): with A14 Bionic chip, 10.9-inch Liquid Retina Display, 64GB, Wi-Fi 6 + 5G Cellular, 12MP front/12MP Back Camera, Touch ID, All-Day Battery Life – Blue",$594.00,,4.8,"3,833",https://m.media-amazon.com/images/I/61PnHlc0HCL._AC_UY218_.jpg
ipad,B0BJLBB4MV,https://www.amazon.com/Apple-2022-12-9-inch-iPad-Pro-Wi-Fi/dp/B0BJLBB4MV/ref=sr_1_3,False,"Apple iPad Pro 12.9-inch (6th Generation): with M2 chip, Liquid Retina XDR Display, 2TB, Wi-Fi 6E, 12MP front/12MP and 10MP Back Cameras, Face ID, All-Day Battery Life – Space Gray","$2,189.00",,4.7,978,https://m.media-amazon.com/images/I/61PnHlc0HCL._AC_UY218_.jpg
ipad,B09G91LXFP,https://www.amazon.com/2021-Apple-iPad-Mini-Wi-Fi/dp/B09G91LXFP/ref=sr_1_4,False,"Apple iPad Mini (6th Generation): with A15 Bionic chip, 8.3-inch Liquid Retina Display, 64GB, Wi-Fi 6, 12MP front/12MP Back Camera, Touch ID, All-Day Battery Life – Space Gray",,,4.8,"7,310",https://m.media-amazon.com/images/I/61PnHlc0HCL._AC_UY218_.jpg
ipad,B0BJLC171F,https://www.amazon.com/Apple-11-inch-iPad-Pro-Wi-Fi-256GB/dp/B0BJLC171F/ref=sr_1_5,False,"Apple iPad Pro 11-inch (4th Generation): with M2 chip, Liquid Retina Display, 256GB, Wi-Fi 6E, 12MP front/12MP and 10MP Back Cameras, Face ID, All-Day Battery Life – Silver",$893.99,,4.8,"1,011",https://m.media-amazon.com/images/I/61PnHlc0HCL._AC_UY218_.jpg
ipad,B09V3H386P,https://www.amazon.com/Apple-iPad-Air-5th-Generation/dp/B09V3H386P/ref=sr_1_6,False,"Apple iPad Air (5th Generation): with M1 chip, 10.9-inch Liquid Retina Display, 256GB, Wi-Fi 6, 12MP front/12MP Back Camera, Touch ID, All-Day Battery Life – Space Gray",,,4.8,"9,500",https://m.media-amazon.com/images/I/61PnHlc0HCL._AC_UY218_.jpg
ipad,B09QHXJ3YP,https://www.amazon.com/2021-Apple-10-2-inch-iPad-Wi-Fi/dp/B09QHXJ3YP/ref=sr_1_7,False,"Apple 2021 10.2-inch iPad (Wi-Fi, 64GB) - Space Gray with AppleCare+ (2 Years)",$338.99,$398.00,4.9,546,https://m.media-amazon.com/images/I/61PnHlc0HCL._AC_UY218_.jpg
ipad,B094PXZMP6,https://www.amazon.com/SAMSUNG-Android-Compact-Lasting-Battery/dp/B094PXZMP6/ref=sr_1_8,False,"SAMSUNG Galaxy Tab A7 Lite 8.7"" 32GB WiFi Android Tablet, Compact, Slim Design, Kid Friendly, Sturdy Metal Frame, Long Lasting Battery, US Version, 2021, Silver",$159.00,,4.5,"15,102",https://m.media-amazon.com/images/I/61PnHlc0HCL._AC_UY218_.jpg
ipad,B09971JCM3,https://www.amazon.com/SAMSUNG-Android-Included-Connectivity-SM-T733NLGFXAR/dp/B09971JCM3/ref=sr_1_9,False,"SAMSUNG Galaxy Tab S7 FE 12.4” 256GB WiFi Android Tablet, Large Screen, S Pen Included, Multi Device Connectivity, Long Lasting Battery, US Version, 2021, Mystic Green",$526.99,$679.99,4.7,"5,303",https://m.media-amazon.com/images/I/61PnHlc0HCL._AC_UY218_.jpg
ipad,B09NQLMS93,https://www.amazon.com/Samsung-Qualcomm-Snapdragon-Included-Productivity/dp/B09NQLMS93/ref=sr_1_10,False,"SAMSUNG Galaxy Tab S8 11” 256GB WiFi 6E Android Tablet, Large LCD Screen, S Pen Included, Ultra Wide Camera, Long Lasting Battery, US Version, 2022, Pink Gold",$679.99,$779.99,4.7,"2,868",https://m.media-amazon.com/images/I/61PnHlc0HCL._AC_UY218_.jpg
ipad,B0971G7344,https://www.amazon.com/Samsung-Cellular-Unlocked-International-Charging/dp/B0971G7344/ref=sr_1_11,False,"Samsung Galaxy Tab A7 Lite 8.7"" (2021, WiFi + Cellular) 32GB 4G LTE Tablet & Phone (Makes Calls) GSM Unlocked, International Model w/US Charging Cube - SM-T225 (Silver, LTE+WiFi)",,,4.3,895,https://m.media-amazon.com/images/I/61PnHlc0HCL._AC_UY218_.jpg
ipad,B09B17DVYR,https://www.amazon.com/Lenovo-Tab-P11-Plus-1st/dp/B09B17DVYR/ref=sr_1_12,False,"Lenovo Tab P11 Plus (1st Gen) - 2021 - Tablet - Long Battery Life - 11"" LCD - MediaTek Octa-Core Processor - 4GB Memory - 128GB Storage - Android 11 - Bluetooth & Wi-Fi",$249.99,,4.5,788,https://m.media-amazon.com/images/I/61PnHlc0HCL._AC_UY218_.jpg
ipad,B09N3YBXCN,https://www.amazon.com/Samsung-Android-Long-Lasting-Expandable-Exclusive/dp/B09N3YBXCN/ref=sr_1_13,False,"SAMSUNG Galaxy Tab A8 10.5” 32GB Android Tablet, LCD Screen, Kids Content, Smart Switch, Long Lasting Battery, US Version, 2022, Silver, Amazon Exclusive",$195.00,$229.99,4.5,"16,155",https://m.media-amazon.com/images/I/61PnHlc0HCL._AC_UY218_.jpg
ipad,B09WYXXP5K,https://www.amazon.com/SAMSUNG-Android-Lasting-Included-Speakers/dp/B09WYXXP5K/ref=sr_1_14,False,"SAMSUNG Galaxy Tab S6 Lite 10.4"" 128GB Android Tablet, S Pen Included, Slim Metal Design, AKG Dual Speakers, Long Lasting Battery, US Version, 2020, Chiffon Rose",$329.00,$429.99,4.7,"2,657",https://m.media-amazon.com/images/I/61PnHlc0HCL._AC_UY218_.jpg
ipad,B0B8G7SM4Z,https://www.amazon.com/Apple-2021-11-inch-iPad-Pro-Wi-Fi/dp/B0B8G7SM4Z/ref=sr_1_15,False,"Apple 2021 11-inch iPad Pro (Wi-Fi, 1TB) - Silver with AppleCare+ (2 Years)","$1,628.99",,5.0,6,https://m.media-amazon.com/images/I/61PnHlc0HCL._AC_UY218_.jpg
ipad,B09K2N5XTN,https://www.amazon.com/Nokia-Android-10-36-Inch-Screen-Version/dp/B09K2N5XTN/ref=sr_1_16,False,Nokia T20 | Android 11 | 10-Inch Screen | Tablet | US Version | 4/64GB | 8MP Camera | Ocean Blue,$199.99,,4.0,182,https://m.media-amazon.com/images/I/61PnHlc0HCL._AC_UY218_.jpg
ipad,B07G4M3K99,https://www.amazon.com/Apple-iPad-128GB-Model-Refurbished/dp/B07G4M3K99,False,"Apple iPad with WiFi, 128GB, Gold (2018 Model) (Renewed)",$213.00,,4.5,"1,060",https://m.media-amazon.com/images/I/61d5w87Zz-L._AC_UY218_.jpg
ipad,B0BLYKSWXW,https://www.amazon.com/Android-Keyboard-Computer-Wi-Fi%EF%BC%8CBT-Certified/dp/B0BLYKSWXW,False,"2 in 1 Tablet 10 Inch, Android 11.0 Tablet with Keyboard Case, 4GB+64GB ROM/512GB Computer Tablets, Quad Core, HD Touch Screen, Dual Carema, Games, Wi-Fi，BT, Google GMS Certified Tablet PC (Pink)",$74.99,$79.99,4.1,278,https://m.media-amazon.com/images/I/61d5w87Zz-L._AC_UY218_.jpg
ipad,B0BFC5XK2J,https://www.amazon.com/Apple-iPad-Pro-11in-Gen/dp/B0BFC5XK2J,False,Apple iPad Pro 11in (1st Gen.) - 64GB - WiFi - Space Gray (Renewed Premium),$429.00,,5.0,1,https://m.media-amazon.com/images/I/61d5w87Zz-L._AC_UY218_.jpg
ipad,B08BX8CW9V,https://www.amazon.com/Fire-HD-10-tablet/dp/B08BX8CW9V,False,"Amazon Fire HD 10 tablet, 10.1"", 1080p Full HD, 64 GB, latest model (2021 release), Black",$89.99,$189.99,4.6,"113,296",https://m.media-amazon.com/images/I/61d5w87Zz-L._AC_UY218_.jpg
ipad,B01JJBGQTO,https://www.amazon.com/Apple-iPad-Pro-Cellular-Renewed/dp/B01JJBGQTO,False,"Apple iPad Pro (32GB, Wi-Fi + Cellular, Gray) 9.7in Tablet (Renewed)",$188.99,,4.2,271,https://m.media-amazon.com/images/I/61d5w87Zz-L._AC_UY218_.jpg
ipad,B0932CJZ22,https://www.amazon.com/2021-Apple-12-9-inch-Wi%E2%80%91Fi-256GB/dp/B0932CJZ22,False,"Apple 2021 12.9-inch iPad Pro (Wi‑Fi, 256GB) - Space Gray",,,4.8,"6,012",https://m.media-amazon.com/images/I/61d5w87Zz-L._AC_UY218_.jpg
ipad,B08NTTLSF3,https://www.amazon.com/Apple-iPad-10-9-inch-Wi-Fi-256GB/dp/B08NTTLSF3,False,"Apple iPad Air (10.9-inch, Wi-Fi, 256GB) - Sky Blue (Latest Model, 4th Generation) (Renewed)",$499.95,$749.00,4.6,153,https://m.media-amazon.com/images/I/61d5w87Zz-L._AC_UY218_.jpg
ipad,B079YKZ99S,https://www.amazon.com/Apple-iPad-Cellular-Silver-Refurbished/dp/B079YKZ99S,False,"Apple iPad Air 2 WiFi Cellular (32GB, Silver Cellular)(Renewed)",$149.99,$179.00,4.3,136,https://m.media-amazon.com/images/I/61d5w87Zz-L._AC_UY218_.jpg
ipad,B078YDG5HJ,https://www.amazon.com/Apple-iPad-10-5-Wi-Fi-Cellular/dp/B078YDG5HJ,False,"Apple iPad Pro 10.5in with ( Wi-Fi + Cellular ) - 64GB, Space Gray (Renewed)",$245.00,,4.4,311,https://m.media-amazon.com/images/I/61d5w87Zz-L._AC_UY218_.jpg
ipad,B07DP7XF7C,https://www.amazon.com/Apple-iPad-mini-Tablet-Generation/dp/B07DP7XF7C,False,Apple iPad mini 7.9in WiFi 16GB iOS 6 Tablet 1stGEneration - Black & Space Gray (Renewed),$98.00,,3.6,"2,531",https://m.media-amazon.com/images/I/619utiOsCrL._AC_UY218_.jpg
ipad,B06XKH8DTC,https://www.amazon.com/Apple-Tablet-128GB-9-7in-Renewed/dp/B06XKH8DTC,False,"Apple iPad Pro Tablet (128GB, LTE, 9.7in) Space Gray (Renewed)",$215.00,,4.5,503,https://m.media-amazon.com/images/I/61t6leLWBqL._AC_UY218_.jpg
ipad,B01L2VGDZQ,https://www.amazon.com/Apple-iPad-mini-128GB-Refurbished/dp/B01L2VGDZQ,False,"Apple iPad Mini 4, 128GB, Gold - WiFi (Renewed)",$211.76,,4.4,"1,177",https://m.media-amazon.com/images/I/61d5w87Zz-L._AC_UY218_.jpg
ipad,B0BDXKMQ7D,https://www.amazon.com/Android-8000mAh-Battery-Bluetooth-Certified/dp/B0BDXKMQ7D,False,"Android Tablet, 10 inch Android 11 Tablet, 2GB RAM 32GB ROM, 512GB Expand Android Tablet with 8000mAh Battery, Dual Camera, WiFi, Bluetooth, IPS HD Touch Screen, Google GMS Certified",$54.89,$59.89,3.6,410,https://m.media-amazon.com/images/I/61d5w87Zz-L._AC_UY218_.jpg
ipad,B0BZZ482F8,https://www.amazon.com/Keyboard-Tablets-Quad-Core-Processor-1280x800/dp/B0BZZ482F8,False,"2023 Newest Tablet with Keyboard, 10 inch 2 in 1 Tablets, Android 11 OS Quad-Core Processor, 64GB ROM+4GB RAM+512GB Expend Tablet PC, Case/Mouse/Stylus/8MP Camera/6000mAh Battery/1280x800 HD Display",$79.98,,3.9,154,https://m.media-amazon.com/images/I/619utiOsCrL._AC_UY218_.jpg
ipad,B0B2ZK6PS2,https://www.amazon.com/Cellular-Keyboard-Octa-Core-Processor-Bluetooth/dp/B0B2ZK6PS2,False,"Android 11.0 Tablet, 2023 Latest 2 in 1 Tablet 10.1 Inch, 4G Cellular Tablet with Keyboard, 64GB+4GB Storage, Octa-Core Processor, 2 Sim Slot, 13MP Camera, Mouse/Stylus/GPS/WiFi/Bluetooth (Silver)",$169.99,$189.99,4.2,862,https://m.media-amazon.com/images/I/619utiOsCrL._AC_UY218_.jpg
ipad,B01BSBDNW6,https://www.amazon.com/Apple-iPad-Silver-Wi-Fi-A1474/dp/B01BSBDNW6,False,Apple iPad Air 16GB Silver Wi-Fi A1474,$139.00,,4.2,792,https://m.media-amazon.com/images/I/61t6leLWBqL._AC_UY218_.jpg
ipad,B06XHRCB4X,https://www.amazon.com/Apple-Pro-Tablet-9-7-Renewed/dp/B06XHRCB4X,False,"Apple iPad Pro Tablet (32GB, Wi-Fi, 9.7in) Space Gray (Renewed)",$163.20,$175.86,4.5,"1,102",https://m.media-amazon.com/images/I/61t6leLWBqL._AC_UY218_.jpg
ipad,B07GBGQD76,https://www.amazon.com/Apple-Mini-4-16GB-Space-Refurbished/dp/B07GBGQD76,False,"Apple iPad Mini 4, 16GB, Space Gray - WiFi (Renewed)",$199.00,,4.0,443,https://m.media-amazon.com/images/I/61t6leLWBqL._AC_UY218_.jpg
ipad,B0728HMXFD,https://www.amazon.com/Apple-iPad-Mini-Space-Refurbished/dp/B0728HMXFD,False,"Apple iPad Mini 4, 64GB, Space Gray - WiFi (Renewed)",$199.85,,4.3,489,https://m.media-amazon.com/images/I/61d5w87Zz-L._AC_UY218_.jpg
ipad,B0BTRLY3PY,https://www.amazon.com/Apple-11-inch-Wi-Fi-Cellular-128GB/dp/B0BTRLY3PY,False,"2022 Apple iPad Pro (11-inch, Wi-Fi + Cellular, 128GB) - Silver (Renewed)",$820.00,$999.00,4.6,11,https://m.media-amazon.com/images/I/61d5w87Zz-L._AC_UY218_.jpg
ipad,B07BBSXRMW,https://www.amazon.com/Apple-iPad-10-5-64GB-Wi-Fi/dp/B07BBSXRMW,False,"Apple iPad Pro 10.5in (2017) 64GB, Wi-Fi - Space Gray (Renewed)",$254.00,,4.3,165,https://m.media-amazon.com/images/I/61d5w87Zz-L._AC_UY218_.jpg
ipad,B0B2RMXD5P,https://www.amazon.com/Storage-Tablets-Android-Quad-Core-Processor/dp/B0B2RMXD5P,False,"10 Inch Tablet, 64GB Storage Tablets, Android 11 Tab, 512GB Expand, 8MP Camera, Quad-Core Processor 2GB RAM WiFi 6000MAH Battery 10.1'' IPS HD Touch Screen Google Tableta, Pink.",$64.99,,4.0,727,https://m.media-amazon.com/images/I/619utiOsCrL._AC_UY218_.jpg
ipad,B08NPH29YG,https://www.amazon.com/Apple-iPad-10-9-inch-Wi-Fi-64GB/dp/B08NPH29YG,False,"Apple iPad Air (10.9-inch, Wi-Fi, 64GB) - Space Gray (Latest Model, 4th Generation) (Renewed)",$409.85,,4.4,600,https://m.media-amazon.com/images/I/619utiOsCrL._AC_UY218_.jpg
ipad,B079J6R384,https://www.amazon.com/Apple-iPad-Cellular-Space-Refurbished/dp/B079J6R384,False,Apple iPad Air 2 16GB Cellular Space Gray (Renewed),$139.00,,4.2,254,https://m.media-amazon.com/images/I/619utiOsCrL._AC_UY218_.jpg
ipad,B078X3B2RG,https://www.amazon.com/9-7-inch-Wi-Fi-Cellular-Silver-Renewed/dp/B078X3B2RG,False,"iPad Pro 9.7-inch (32GB, Wi-Fi + Cellular, Silver) 2016 Model (Renewed)",$210.00,,4.2,19,https://m.media-amazon.com/images/I/61t6leLWBqL._AC_UY218_.jpg
ipad,B06XS2PSGD,https://www.amazon.com/Apple-iPad-Air-Silver-Refurbished/dp/B06XS2PSGD,False,"Apple iPad Air 2, 32 GB, Silver, (Renewed)",$130.00,$144.00,4.2,315,https://m.media-amazon.com/images/I/61t6leLWBqL._AC_UY218_.jpg
ipad,B09WYYW4TR,https://www.amazon.com/SAMSUNG-Android-Lasting-Included-Speakers/dp/B09WYYW4TR,False,"SAMSUNG Galaxy Tab S6 Lite 10.4"" 128GB Android Tablet, S Pen Included, Slim Metal Design, AKG Dual Speakers, Long Lasting Battery, US Version, 2020, Angora Blue",$329.00,$429.99,4.7,"2,657",https://m.media-amazon.com/images/I/61EobGaoeaL._AC_UL400_.jpg
ipad,B077ZCR827,https://www.amazon.com/Apple-iPad-2017-32GB-Refurbished/dp/B077ZCR827,False,Apple iPad 5th Gen 2017 9.7in 32GB Gold (WiFi) (Renewed),$119.75,$174.10,4.1,40,https://m.media-amazon.com/images/I/61d5w87Zz-L._AC_UY218_.jpg
ipad,B07D42QBYW,https://www.amazon.com/Apple-iPad-Wi-Fi-Silver-Refurbished/dp/B07D42QBYW,False,"Apple iPad mini 4 (16GB, Wi-Fi, Silver) (Refurbished)",$168.07,$185.00,4.2,162,https://m.media-amazon.com/images/I/61d5w87Zz-L._AC_UY218_.jpg
ipad,B07YBHJK4W,https://www.amazon.com/iPad-Air-64GB-Gray-4G/dp/B07YBHJK4W,False,iPad Air 3 64GB Gray 4G,$228.55,$248.90,4.1,112,https://m.media-amazon.com/images/I/619utiOsCrL._AC_UY218_.jpg
ipad,B00TREI08E,https://www.amazon.com/Apple-Silver-Newest-Version-Refurbished/dp/B00TREI08E,False,"Apple iPad Air 2, 16 GB, Silver, Newest Version (Renewed)",$149.00,,4.1,811,https://m.media-amazon.com/images/I/619utiOsCrL._AC_UY218_.jpg
ipad,B0C2PXPD5H,https://www.amazon.com/Toddlers-Children-Toddler-Learning-Parental/dp/B0C2PXPD5H,False,"Tablet for Kids 7 Kids Tablet for Toddlers Tablet, 64GB Children Tablet, Kids Edition Tablet for Toddler Learning Tablet for Boys Girls with WIFI, Dual Camera, Touch Screen, Parental Control, Netflix",$49.99,,4.1,21,https://m.media-amazon.com/images/I/619utiOsCrL._AC_UY218_.jpg
ipad,B077ZG1ZT6,https://www.amazon.com/Apple-iPad-Pro-10-5-Refurbished/dp/B077ZG1ZT6,False,Apple iPad Pro 10.5in - 256GB Wifi - 2017 Model - Gray (Renewed),$299.00,$315.00,4.5,617,https://m.media-amazon.com/images/I/61t6leLWBqL._AC_UY218_.jpg
ipad,B01KAKPD2E,https://www.amazon.com/Apple-Tablet-128GB-Wi-Fi-Renewed/dp/B01KAKPD2E,False,"Apple iPad Pro Tablet (128GB, Wi-Fi, 9.7in) Gold (Renewed)",$210.00,,4.4,326,https://m.media-amazon.com/images/I/61t6leLWBqL._AC_UY218_.jpg
ipad,B079J4TYZR,https://www.amazon.com/Apple-MH2N2LL-Cellular-Silver-Refurbished/dp/B079J4TYZR,False,"Apple iPad Air 2 MH2N2LL/A (64GB, Wi-Fi + Cellular, Silver) (Renewed)",$169.99,,3.4,11,https://m.media-amazon.com/images/I/61t6leLWBqL._AC_UY218_.jpg
ipad,B01KAKQIIC,https://www.amazon.com/Apple-Tablet-256GB-Wi-Fi-Renewed/dp/B01KAKQIIC,False,"Apple iPad Pro Tablet (256GB, Wi-Fi, 9.7in) Rose (Renewed)",$292.49,,4.3,140,https://m.media-amazon.com/images/I/61EobGaoeaL._AC_UL400_.jpg
ipad,B09M2L6RDW,https://www.amazon.com/Octa-Core-Processor-Expandable-Certified-Bluetooth/dp/B09M2L6RDW,False,"Tablet with Keyboard, Android 11.0 2 in 1 Tablets, 10.1 inch Tablet HD, 4GB RAM 64GB ROM 256GB Expandable, Octa-Core Processor, WiFi, GPS, Bluetooth, Google Certified Tablet PC",$159.99,,4.2,840,https://m.media-amazon.com/images/I/61EobGaoeaL._AC_UL400_.jpg
ipad,B0C5J2TBRV,https://www.amazon.com/Mouikei-Android-Quad-Core-1280x800-Bluetooth/dp/B0C5J2TBRV,False,"Mouikei 10 inch Tablet Android 12 Tablets, Quad-Core Tablet PC, 32GB ROM 128GB Expand, 1280x800 HD Touch Screen, 5000mAh, Dual Speaker, Bluetooth, WiFi, Dual Camera, GPS, Silver",$299.99,,4.6,27,https://m.media-amazon.com/images/I/619utiOsCrL._AC_UY218_.jpg
ipad,B01L2VGEQE,https://www.amazon.com/Apple-iPad-mini-Silver-Refurbished/dp/B01L2VGEQE,False,"Apple iPad Mini 4, 128GB, Silver - WiFi (Renewed)",$209.00,$219.69,4.4,723,https://m.media-amazon.com/images/I/619utiOsCrL._AC_UY218_.jpg
ipad,B07QT8RTV2,https://www.amazon.com/Apple-iPad-11-inch-Wi-Fi-64GB/dp/B07QT8RTV2,False,"Apple iPad Pro (11-inch, Wi-Fi, 64GB) - Space Gray (2018) (Renewed)",$392.00,,4.5,"1,089",https://m.media-amazon.com/images/I/61t6leLWBqL._AC_UY218_.jpg
ipad,B078JQ9JQH,https://www.amazon.com/Apple-iPad-Air-Unlocked-Renewed/dp/B078JQ9JQH,False,Apple iPad Air 2 a1567 16GB Gold Tablet WiFi + 4G Unlocked GSM/CDMA (Renewed),$148.81,,4.2,142,https://m.media-amazon.com/images/I/61t6leLWBqL._AC_UY218_.jpg
ipad,B011PBH1CC,https://www.amazon.com/Apple-MH2M2LL-Wi-Fi-VERSION-Refurbished/dp/B011PBH1CC,False,"Apple iPad Air 2 MH2M2LL/A (64GB , Wi-Fi + 4G, Space Gray) VERSION (Renewed)",$150.00,,4.2,438,https://m.media-amazon.com/images/I/61t6leLWBqL._AC_UY218_.jpg
ipad,B078J9SSCQ,https://www.amazon.com/Apple-iPad-Pro-10-5-Refurbished/dp/B078J9SSCQ,False,Apple iPad Pro 10.5in - 512GB Wifi - 2017 Model - SILVER (Renewed),$349.00,,4.4,35,https://m.media-amazon.com/images/I/61EobGaoeaL._AC_UL400_.jpg
ipad,B0BWDRF818,https://www.amazon.com/Toddlers-Childrens-Kid-Proof-Learning-Parental/dp/B0BWDRF818,False,"Kids Tablet 7 inch Tablet for Kids 2GB 32GB Android 11.0 Toddler Tablet for Toddlers, Childrens Tablet with WiFi Dual Camera Kid-Proof Case Kids Learning Tablet Parental Control YouTube Netflix",$49.99,,3.5,61,https://m.media-amazon.com/images/I/61EobGaoeaL._AC_UL400_.jpg
ipad,B07BBWVF52,https://www.amazon.com/Apple-iPad-10-5-256GB-Wi-Fi/dp/B07BBWVF52,False,"Apple iPad Pro 10.5in (2017) 256GB, Wi-Fi - Space Gray (Renewed)",$319.00,,4.4,270,https://m.media-amazon.com/images/I/61EobGaoeaL._AC_UL400_.jpg
ipad,B0BJDNW7TZ,https://www.amazon.com/CUPEISI-Quad-Core-Android-Display-4300mAh/dp/B0BJDNW7TZ,False,"CUPEISI Tablet 8 inch Quad-Core RAM 2GB+ROM 32GB Android 11 Tablets 1280 * 800 IPS HD Display 4300mAh Battery, 2MP+5MP Dual Camera, Tablets Include Leather Case",$46.99,$49.99,3.8,168,https://m.media-amazon.com/images/I/619utiOsCrL._AC_UY218_.jpg
ipad,B071VP2BY1,https://www.amazon.com/Apple-iPad-9-7in-WiFi-128GB/dp/B071VP2BY1,False,"Apple iPad 9.7in with WiFi, 128GB - MP2H2LL/A - Space Gray (Renewed)",$209.00,,4.2,88,https://m.media-amazon.com/images/I/619utiOsCrL._AC_UY218_.jpg
ipad,B0BPQG7TC2,https://www.amazon.com/Android-8000mAh-Battery-Bluetooth-Certified/dp/B0BPQG7TC2,False,"Android Tablet, 10 Inch Android 12 Tablet, 4GB RAM 64GB ROM, 1TB Expand, Android Tablet with 5G WiFi, 8000mAh Battery, Dual Camera, Bluetooth, FHD IPS Screen, GPS, Google GMS Certified",$69.98,,3.4,31,https://m.media-amazon.com/images/I/61t6leLWBqL._AC_UY218_.jpg
ipad,B00TJGN4NG,https://www.amazon.com/Apple-Display-MD513LL-Generation-Refurbished/dp/B00TJGN4NG,False,"Apple iPad with Retina Display MD513LL/A (16GB, Wi-Fi, White) 4th Generation (Renewed)",$137.00,,3.6,83,https://m.media-amazon.com/images/I/61t6leLWBqL._AC_UY218_.jpg
ipad,B075WXP4BN,https://www.amazon.com/Apple-iPad-Silver-Model-Renewed/dp/B075WXP4BN,False,"Apple iPad with WiFi, 32GB, Silver (2017 Model) (Renewed)",$165.51,,4.6,38,https://m.media-amazon.com/images/I/61EobGaoeaL._AC_UL400_.jpg
ipad,B01LTIORC8,https://www.amazon.com/Apple-iPad-WiFi-Space-Model/dp/B01LTIORC8,False,"Apple iPad with WiFi, 32GB, Space Gray (2017 Model)",,,4.7,"3,141",https://m.media-amazon.com/images/I/61EobGaoeaL._AC_UL400_.jpg
ipad,B01LXW6YIC,https://www.amazon.com/Apple-a1567-Tablet-Unlocked-Refurbished/dp/B01LXW6YIC,False,Apple iPad Air 2 a1567 16GB Space Gray Tablet WiFi + 4G Unlocked GSM/CDMA (Renewed),$149.99,,4.0,23,https://m.media-amazon.com/images/I/61EobGaoeaL._AC_UL400_.jpg
ipad,B06XK87259,https://www.amazon.com/Apple-iPad-128GB-Rose-Gold/dp/B06XK87259,False,"Apple iPad Pro Tablet (128GB, LTE, 9.7in) Rose Gold (Renewed)",$218.00,,4.2,129,https://m.media-amazon.com/images/I/619utiOsCrL._AC_UY218_.jpg
ipad,B00W5JW8EU,https://www.amazon.com/Apple-Air-MH2V2LL-Cellular-Refurbished/dp/B00W5JW8EU,False,Apple iPad Air 2 MH2V2LL/A -16GB Wi-Fi + Cellular Silver (Renewed),$136.79,,4.4,73,https://m.media-amazon.com/images/I/619utiOsCrL._AC_UY218_.jpg
ipad,B0BYJQTQ9N,https://www.amazon.com/PRITOM-Quad-Core-Processor-Bluetooth-Tabletas/dp/B0BYJQTQ9N,False,"PRITOM TAB 10 Tablet with Case,10 inch Tablet Android 12, 32GB, Quad-Core 1.6Ghz Processor, 6000mAh, 1280 * 800 HD Display, Dual Camera, Bluetooth, Tabletas with WiFi 6",$69.99,,3.7,19,https://m.media-amazon.com/images/I/61t6leLWBqL._AC_UY218_.jpg
ipad,B0BY3K8GZT,https://www.amazon.com/2022-Apple-10-9-inch-Wi-Fi-256GB/dp/B0BY3K8GZT,False,"2022 Apple iPad Air (10.9-inch, Wi-Fi, 256GB) - Pink (Renewed)",$599.95,$649.99,5.0,2,https://m.media-amazon.com/images/I/61t6leLWBqL._AC_UY218_.jpg
ipad,B0792HLC28,https://www.amazon.com/Apple-Wi-Fi-Cellular-Space-Refurbished/dp/B0792HLC28,False,"Apple iPad Mini 4, 16GB, Space Gray - WiFi + Cellular (Renewed)",$185.00,,3.9,98,https://m.media-amazon.com/images/I/61EobGaoeaL._AC_UL400_.jpg
ipad,B0B8FRWXVP,https://www.amazon.com/10-9-inch-iPad-Wi-Fi-Cellular-256GB/dp/B0B8FRWXVP,False,10.9-inch iPad Air Wi-Fi + Cellular 256GB - Space Gray with AppleCare+ (2 Years),$878.99,$978.00,4.9,130,https://m.media-amazon.com/images/I/61EobGaoeaL._AC_UL400_.jpg
ipad,B00X8XAW7C,https://www.amazon.com/Apple-16GB-Unlocked-4G-Refurbished/dp/B00X8XAW7C,False,"Apple iPad Air 16GB Unlocked GSM 4G LTE Tablet, Space Gray (Renewed)",$155.58,$249.00,4.1,55,https://m.media-amazon.com/images/I/61EobGaoeaL._AC_UL400_.jpg
ipad,B08MFRQF5C,https://www.amazon.com/Apple-iPad-10-9-inch-Wi-Fi-64GB/dp/B08MFRQF5C,False,"Apple iPad Air (10.9-inch, Wi-Fi, 64GB) - Silver (Latest Model, 4th Generation) (Renewed)",$409.95,,4.3,96,https://m.media-amazon.com/images/I/619utiOsCrL._AC_UY218_.jpg
ipad,B01MDTM5B1,https://www.amazon.com/Apple-Tablet-256GB-Silver-Refurbished/dp/B01MDTM5B1,False,"Apple iPad Pro 12.9in Tablet (256GB Wi-Fi + 4G, Silver)(Renewed)",$572.00,,3.9,47,https://m.media-amazon.com/images/I/61EobGaoeaL._AC_UL400_.jpg
ipad,B0744W8WB2,https://www.amazon.com/Apple-iPad-Mini-Space-Refurbished/dp/B0744W8WB2,False,Apple iPad Mini 4 16gb Space Gray (Renewed),$202.00,,4.2,321,https://m.media-amazon.com/images/I/61EobGaoeaL._AC_UL400_.jpg
ipad,B07K2DS9PV,https://www.amazon.com/Apple-MH2M2LL-Cellular-Unlocked-Renewed/dp/B07K2DS9PV,False,Apple iPad Air 2 MH2M2LL/A 64GB Wifi + Cellular Unlocked 9.7in Space Gray (Renewed),$199.00,$339.01,4.0,110,https://m.media-amazon.com/images/I/61EobGaoeaL._AC_UL400_.jpg
ipad,B00ZD5RYL0,https://www.amazon.com/Apple-MH1J2LL-128GB-Wi-Fi-Refurbished/dp/B00ZD5RYL0,False,"Apple iPad Air 2 MH1J2LL/A (128GB, Wi-Fi, Gold) (Refurbished)",$299.93,,5.0,6,https://m.media-amazon.com/images/I/61EobGaoeaL._AC_UL400_.jpg
ipad,B0B61RGWWS,https://www.amazon.com/Apple-10-9-inch-Wi-Fi-Cellular-256GB/dp/B0B61RGWWS,False,"2022 Apple iPad Air (10.9-inch, Wi-Fi + Cellular, 256GB) - Pink (5th Generation) (Renewed)",$689.99,$799.99,5.0,3,https://m.media-amazon.com/images/I/61EobGaoeaL._AC_UL400_.jpg
ipad,B01KAKQKGC,https://www.amazon.com/Apple-Tablet-256GB-Silver-Renewed/dp/B01KAKQKGC,False,"Apple iPad Pro Tablet (256GB, Wi-Fi, 9.7in) Silver (Renewed)",$271.59,$294.00,4.2,97,https://m.media-amazon.com/images/I/61EobGaoeaL._AC_UL400_.jpg
ipad,B07JH8KHLZ,https://www.amazon.com/Apple-iPad-16GB-9-7in-Tablet/dp/B07JH8KHLZ,False,Apple iPad Air 2 16GB WiFi 2GB iOS 10 9.7in Tablet - Space Gray (Renewed),$134.00,,4.2,497,https://m.media-amazon.com/images/I/81itYxKtJCL._AC_UY218_.jpg
ipad,B0B3JGBFWQ,https://www.amazon.com/COOPERS-Andorid-Tablets-Storage-Bluetooth/dp/B0B3JGBFWQ,False,"Android Tablet, 10 inch Tablets, 2GB+32GB Computer Tablet Support 512GB Expand, 2MP + 8MP Camera, IPS Screen, WiFi, Bluetooth, 6000mAh, Google GMS Certified Tableta Black",$54.96,,3.8,157,https://m.media-amazon.com/images/I/81itYxKtJCL._AC_UY218_.jpg
ipad,B0B3W115RT,https://www.amazon.com/2022-Apple-iPad-10-9-inch-Wi-Fi/dp/B0B3W115RT,False,"2022 Apple iPad Air (10.9-inch, Wi-Fi, 64GB) - Starlight (Renewed)",,,4.1,14,https://m.media-amazon.com/images/I/81itYxKtJCL._AC_UY218_.jpg
ipad,B08B2VRMGY,https://www.amazon.com/Apple-iPad-11-inch-Wi-Fi-128GB/dp/B08B2VRMGY,False,"2020 Apple iPad Pro 2nd Gen (11 inch, Wi-Fi, 128GB) Silver (Renewed)",$544.97,,4.5,685,https://m.media-amazon.com/images/I/81itYxKtJCL._AC_UY218_.jpg
ipad,B07DP4DS7Z,https://www.amazon.com/Apple-Factory-Unlocked-Cellular-Refurbished/dp/B07DP4DS7Z,False,Apple iPad Air 2 128GB Factory Unlocked Gold (Wi-Fi + Cellular 4G LTE) Newest Version (Renewed),$204.00,,4.2,191,https://m.media-amazon.com/images/I/81itYxKtJCL._AC_UY218_.jpg
ipad,B09QH5PCLP,https://www.amazon.com/Apple-Wi-Fi-Cellular-512GB-Renewed/dp/B09QH5PCLP,False,"2017 Apple iPad Pro (10.5-inch, Wi-Fi + Cellular, 512GB) - Space Gray (Renewed)",$309.00,$346.00,4.4,26,https://m.media-amazon.com/images/I/81itYxKtJCL._AC_UY218_.jpg
ipad,B0965WLMZ2,https://www.amazon.com/2021-Apple-11-inch-Wi-Fi-128GB/dp/B0965WLMZ2,False,"2021 Apple 11-inch iPad Pro (Wi-Fi, 128GB) - Space Gray (Renewed)",$629.95,"$1,199.99",4.4,708,https://m.media-amazon.com/images/I/81rBUAM2NpL._AC_UY218_.jpg
ipad,B078YDDSMK,https://www.amazon.com/Apple-iPad-10-5-Wi-Fi-Cellular/dp/B078YDDSMK,False,"2017 Apple iPad Pro (10.5-inch, Wi-Fi + Cellular, 64GB) - Silver (Renewed)",$249.00,,4.2,85,https://m.media-amazon.com/images/I/81itYxKtJCL._AC_UY218_.jpg
ipad,B074PXWK5J,https://www.amazon.com/Apple-iPad-128GB-Silver-Model/dp/B074PXWK5J,False,"Apple iPad 9.7 with WiFi, 128GB- Silver (2017 Model) - (Renewed)",$185.00,,4.6,371,https://m.media-amazon.com/images/I/81itYxKtJCL._AC_UY218_.jpg
ipad,B074PXTP3B,https://www.amazon.com/Apple-iPad-Newest-Model-Refurbished/dp/B074PXTP3B,False,"Apple iPad 9.7in with WiFi, 32GB 2017 Newest Model- Gold (Gold)(Renewed)",$169.00,,4.5,"1,336",https://m.media-amazon.com/images/I/81rBUAM2NpL._AC_UY218_.jpg
ipad,B06XT8K96M,https://www.amazon.com/Apple-9-7-Inch-32GB-Tablet-Refurbished/dp/B06XT8K96M,False,"Apple iPad Air 2 9.7-Inch, 32GB Tablet (Space Gray) (Renewed)",$135.99,$144.00,4.5,"1,349",https://m.media-amazon.com/images/I/81rBUAM2NpL._AC_UY218_.jpg
ipad,B07G9N7J3S,https://www.amazon.com/2018-Apple-iPad-9-7-inch-Wi-Fi/dp/B07G9N7J3S,False,"2018 Apple iPad (9.7-inch, Wi-Fi, 32GB) - Gold (Renewed)",$180.80,,4.5,"1,054",https://m.media-amazon.com/images/I/81rBUAM2NpL._AC_UY218_.jpg
ipad,B079ZMFJ7Z,https://www.amazon.com/Apple-iPad-Air-16GB-Wi-Fi/dp/B079ZMFJ7Z,False,"Apple iPad Air 2, 16GB, 4G + Wi-Fi - Silver (Renewed)",$139.99,$149.00,4.3,149,https://m.media-amazon.com/images/I/81itYxKtJCL._AC_UY218_.jpg
ipad,B078J5K6MD,https://www.amazon.com/Apple-Cellular-Space-Model-Refurbished/dp/B078J5K6MD,False,"Apple iPad with WiFi + Cellular, 32GB, Space Gray (2017 Model) (Renewed)",$153.18,,4.5,"2,606",https://m.media-amazon.com/images/I/81itYxKtJCL._AC_UY218_.jpg
ipad,B0C3F9SVGX,https://www.amazon.com/Apple-2021-10-2-inch-Wi-Fi-256GB/dp/B0C3F9SVGX,False,"Apple 2021 iPad (10.2-inch, Wi-Fi, 256GB) - Silver (Renewed Premium)",$479.99,,4.2,11,https://m.media-amazon.com/images/I/81rBUAM2NpL._AC_UY218_.jpg
ipad,B0725LCLYQ,https://www.amazon.com/Apple-iPad-WiFi-32GB-Space/dp/B0725LCLYQ,False,"Apple iPad 9.7' with WiFi, 32GB, Space Gray - MP2F2LL/A (Renewed)",$142.00,,4.4,463,https://m.media-amazon.com/images/I/81rBUAM2NpL._AC_UY218_.jpg
ipad,B01C131LCE,https://www.amazon.com/Apple-128GB-Cellular-Tablet-Refurbished/dp/B01C131LCE,False,"Apple iPad Pro (128GB, Wi-Fi + Cellular, Gold) 12.9in Tablet (Renewed)",$445.00,,4.2,241,https://m.media-amazon.com/images/I/81itYxKtJCL._AC_UY218_.jpg
ipad,B00OMS8NMI,https://www.amazon.com/Apple-iPad-Wi-Fi-MH0W2HC-Refurbished/dp/B00OMS8NMI,False,Apple iPad Air 2 16GB Gold Wi-Fi MH0W2HC/A (Refurbished),$133.00,,3.0,2,https://m.media-amazon.com/images/I/81itYxKtJCL._AC_UY218_.jpg
ipad,B0B5Z97XDZ,https://www.amazon.com/2021-Apple-10-2-inch-Wi-Fi-256GB/dp/B0B5Z97XDZ,False,"Apple 2021 10.2-inch iPad (Wi-Fi, 256GB) - Space Gray with AppleCare+ (2 Years)",$468.00,$548.00,4.9,546,https://m.media-amazon.com/images/I/81rBUAM2NpL._AC_UY218_.jpg
ipad,B0BFBZCRC2,https://www.amazon.com/iPad-8th-Gen-Renewed-Premium/dp/B0BFBZCRC2,False,Apple iPad (8th Gen.) - 32GB - WiFi - Space Gray (Renewed Premium),$249.00,$325.00,,,https://m.media-amazon.com/images/I/81rBUAM2NpL._AC_UY218_.jpg
ipad,B084C15855,https://www.amazon.com/Apple-10-2-Inch-Wi-Fi-Cellular-128GB/dp/B084C15855,False,"2019 Apple iPad 7th Gen (10.2 inch, Wi-Fi + Cellular, 128GB) Gold (Renewed)",$259.00,$275.00,4.0,63,https://m.media-amazon.com/images/I/81rBUAM2NpL._AC_UY218_.jpg
ipad,B0BFC26HPS,https://www.amazon.com/iPad-8th-Gen-Renewed-Premium/dp/B0BFC26HPS,False,Apple iPad (8th Gen.) - 128GB - WiFi - Space Gray (Renewed Premium),$279.00,$380.00,1.0,1,https://m.media-amazon.com/images/I/81itYxKtJCL._AC_UY218_.jpg
ipad,B07FLP642K,https://www.amazon.com/Apple-iPad-2018-32GB-Refurbished/dp/B07FLP642K,False,"2018 Apple iPad (9.7 inch, WiFi, 32GB) Silver (Renewed)",$159.00,,4.5,117,https://m.media-amazon.com/images/I/81itYxKtJCL._AC_UY218_.jpg
ipad,B096R8S5L4,https://www.amazon.com/2021-Apple-12-9-inch-Wi%E2%80%91Fi-128GB/dp/B096R8S5L4,False,"2021 Apple iPad Pro (12.9-inch, Wi‑Fi, 128GB) - Space Gray (Renewed)",$774.00,,4.4,838,https://m.media-amazon.com/images/I/81rBUAM2NpL._AC_UY218_.jpg
ipad,B07HRYDNLZ,https://www.amazon.com/Apple-MacBook-1-8GHz-13-inch-Renewed/dp/B07HRYDNLZ,False,"2018 Apple iPad (WiFi, 128GB) Space Gray (Renewed)",$200.69,,4.6,"2,340",https://m.media-amazon.com/images/I/81rBUAM2NpL._AC_UY218_.jpg
ipad,B07H9HGTC6,https://www.amazon.com/Apple-Generation-Cellular-Silver-Refurbished/dp/B07H9HGTC6,False,"Apple iPad 9.7in 6th Generation WiFi + Cellular (32GB, Silver) (Renewed)",$182.99,,4.5,181,https://m.media-amazon.com/images/I/81itYxKtJCL._AC_UY218_.jpg
ipad,B0716XPW48,https://www.amazon.com/Apple-Display-Resolution-FaceTime-Battery/dp/B0716XPW48,False,"Apple iPad Mini 4 Wi-Fi, 7.9in Retina Display with 2048 x 1536 Resolution, 7.9in Retina Display, A8 Chip, Touch ID, FaceTime, Up to 10 Hours of Battery Life - 128GB - Space Gray (Renewed)",$179.00,$229.00,4.2,209,https://m.media-amazon.com/images/I/81itYxKtJCL._AC_UY218_.jpg
ipad,B01KAKS84E,https://www.amazon.com/Apple-Tablet-256GB-Wi-FI-Refurbished/dp/B01KAKS84E,False,"Apple iPad Pro 12.9in Tablet (256GB Wi-FI, Space Gray)(Renewed)",$449.00,$499.99,4.3,"1,575",https://m.media-amazon.com/images/I/81rBUAM2NpL._AC_UY218_.jpg
ipad,B07CFWLW3G,https://www.amazon.com/Apple-Retina-Display-128GB-Wi-Fi/dp/B07CFWLW3G,False,"Apple iPad Mini 4, 128GB, Space Gray - WiFi (Renewed)",$199.81,,4.3,"2,258",https://m.media-amazon.com/images/I/81rBUAM2NpL._AC_UY218_.jpg
ipad,B00TREI06Q,https://www.amazon.com/Apple-iPad-Air-Gold-Refurbished/dp/B00TREI06Q,False,"Apple iPad Air 2, 64 GB, Gold, (Renewed)",$179.00,,4.2,"1,269",https://m.media-amazon.com/images/I/81rBUAM2NpL._AC_UY218_.jpg
ipad,B078J2DMSW,https://www.amazon.com/Apple-Wi-Fi-Model-256GB-Refurbished/dp/B078J2DMSW,False,"Apple iPad Pro 2nd 12.9in with Wi-Fi 2017 Model, 256GB, Grey (Renewed)",$379.00,,4.4,"1,798",https://m.media-amazon.com/images/I/81rBUAM2NpL._AC_UY218_.jpg
ipad,B09J6K6Y21,https://www.amazon.com/2021-Apple-iPad-Mini-Wi-Fi/dp/B09J6K6Y21,False,"2021 Apple iPad Mini 6 (8.3 inch, Wi-Fi, 64GB) Space Gray (Renewed)",,,4.5,555,https://m.media-amazon.com/images/I/81rBUAM2NpL._AC_UY218_.jpg
ipad,B00TREI098,https://www.amazon.com/Apple-iPad-Space-Gray-Refurbished/dp/B00TREI098,False,"Apple iPad Air 2, 128 GB, Space Gray, (Renewed)",$169.00,,4.4,"1,172",https://m.media-amazon.com/images/I/61wDxPfqfJL._AC_UY218_.jpg
ipad,B07DP4WVBQ,https://www.amazon.com/Apple-MH322LL-Cellular-Silver-Refurbished/dp/B07DP4WVBQ,False,"Apple iPad Air 2 MH322LL/A (128GB, Wi-Fi + Cellular, Silver) 2014 Model (Renewed)",$162.99,$172.88,4.2,112,https://m.media-amazon.com/images/I/61wDxPfqfJL._AC_UY218_.jpg
ipad,B07F3NPPX4,https://www.amazon.com/Apple-ipad-64GB-Cellular-Refurbished/dp/B07F3NPPX4,False,Apple ipad air 2 64GB Cellular Gray 4G (Renewed),$169.99,$184.00,4.5,44,https://m.media-amazon.com/images/I/61wDxPfqfJL._AC_UY218_.jpg
ipad,B07H9H5QZ8,https://www.amazon.com/Apple-Generation-Cellular-128GB-Refurbished/dp/B07H9H5QZ8,False,"Apple iPad 9.7in 6th Generation WiFi + Cellular (128GB, Space Gray) (Renewed)",$209.95,$219.95,4.5,452,https://m.media-amazon.com/images/I/61wDxPfqfJL._AC_UY218_.jpg
ipad,B07SVD2MBM,https://www.amazon.com/Apple-iPad-9-7-inch-Unlocked-Verizon/dp/B07SVD2MBM,False,"2018 Apple iPad (Wi-Fi + Cellular, 32GB) - Space Gray (Renewed)",$184.00,,4.5,216,https://m.media-amazon.com/images/I/61wDxPfqfJL._AC_UY218_.jpg
ipad,B07BSHN97X,https://www.amazon.com/Apple-iPad-Air-64GB-Wi-Fi/dp/B07BSHN97X,False,"Apple iPad Air 2, 64GB, 4G + Wi-Fi - Gold (Renewed)",$165.00,,4.1,220,https://m.media-amazon.com/images/I/61wDxPfqfJL._AC_UY218_.jpg
ipad,B07J4CMSVS,https://www.amazon.com/IPAD-WI-FI-64GB-GRAY-Refurbished/dp/B07J4CMSVS,False,IPAD AIR 2 WI-FI 64GB GRAY (Renewed),$165.00,,4.5,698,https://m.media-amazon.com/images/I/61wDxPfqfJL._AC_UY218_.jpg
ipad,B0BCTSBW8T,https://www.amazon.com/Quad-core-Processor-Keyboard-Expandable-Bluetooth/dp/B0BCTSBW8T,False,"2023 Newest Tablet 10 Inch, Android 11 Tablet Newest Quad-core Processor, 2 in 1 Tablet with Keyboard, 64GB ROM + 4GB RAM Storage, 128GB Expandable, 5G WiFi, Bluetooth, GPS, 1280 * 800 HD Display",$149.99,,4.2,209,https://m.media-amazon.com/images/I/61wDxPfqfJL._AC_UY218_.jpg
ipad,B01C131M6E,https://www.amazon.com/Apple-128GB-Wi-Fi-Tablet-Refurbished/dp/B01C131M6E,False,"Apple iPad Pro (128GB, Wi-Fi, Space Gray) 12.9in Tablet (Renewed)",$388.00,,4.2,"1,164",https://m.media-amazon.com/images/I/61wDxPfqfJL._AC_UY218_.jpg
ipad,B08YJYC4WN,https://www.amazon.com/Android-Octa-Core-Processor-Storage-Bluetooth/dp/B08YJYC4WN,False,"Tablet 10.1 inch Android 11 Tablet 2023 Latest Update Octa-Core Processor with 64GB Storage, Dual 13MP+5MP Camera, WiFi, Bluetooth, GPS, 128GB Expand Support, IPS Full HD Display (Black)",$149.99,$159.99,4.3,"2,719",https://m.media-amazon.com/images/I/71Mt4JAZQtL._AC_UY218_.jpg
ipad,B096WJQNZ4,https://www.amazon.com/Fire-7-Tablet/dp/B096WJQNZ4,False,"Amazon Fire 7 tablet, 7” display, 16 GB, 10 hours battery life, light and portable for entertainment at home or on-the-go, (2022 release), Denim",$39.99,$59.99,4.5,"9,344",https://m.media-amazon.com/images/I/61wDxPfqfJL._AC_UY218_.jpg
ipad,B0BPSSJCXL,https://www.amazon.com/IWEGGO-Android-Quad-Core-Processor-4300mAh/dp/B0BPSSJCXL,False,"IWEGGO Tablet 8inch Tablet with Case, Android 11 Tablet, 2G RAM, 32GB ROM,Quad-Core 1.6GHz Processor, 4300mAh, Tablet FHD Display, Dual Camera, FM, Type-C, incloud case",$48.99,,3.8,134,https://m.media-amazon.com/images/I/61wDxPfqfJL._AC_UY218_.jpg
ipad,B07G3FQKQN,https://www.amazon.com/Apple-Refurbished-iPad-Air-128GB/dp/B07G3FQKQN,False,Apple Renewed iPad Air 2 - 128GB - Space Grey (Renewed),$189.00,,4.3,838,https://m.media-amazon.com/images/I/71Mt4JAZQtL._AC_UY218_.jpg
ipad,B07G3FMKY3,https://www.amazon.com/Apple-Refurbished-iPad-Air-Silver/dp/B07G3FMKY3,False,Apple Renewed iPad Air 2 - 128GB - Silver (Renewed),$170.30,,4.3,308,https://m.media-amazon.com/images/I/71Mt4JAZQtL._AC_UY218_.jpg
ipad,B0BFC2S2YP,https://www.amazon.com/iPad-Air-3-64GB-Renewed-Premium/dp/B0BFC2S2YP,False,iPad Air 3-64GB - WiFi - Gold (Renewed Premium),$269.00,,5.0,1,https://m.media-amazon.com/images/I/71Mt4JAZQtL._AC_UY218_.jpg
ipad,B0BFC37TBL,https://www.amazon.com/Apple-iPad-Pro-12-9in-Gen/dp/B0BFC37TBL,False,Apple iPad Pro 12.9in (5th Gen.) - 2TB - WiFi - Silver (Renewed Premium),"$1,049.00",,,,https://m.media-amazon.com/images/I/61wDxPfqfJL._AC_UY218_.jpg
ipad,B07BW1V54J,https://www.amazon.com/Apple-iPad-10-5-Inch-MQDY2LL-Refurbished/dp/B07BW1V54J,False,"Apple iPad Pro 10.5-Inch 64GB Rose Gold (WiFi Only, Mid 2017) MQDY2LL/A (Renewed)",$249.00,,4.3,66,https://m.media-amazon.com/images/I/61wDxPfqfJL._AC_UY218_.jpg
ipad,B0BNCKSJVY,https://www.amazon.com/2022-Apple-12-9-inch-Wi-Fi-256GB/dp/B0BNCKSJVY,False,"2022 Apple iPad Pro (12.9-inch, Wi-Fi, 256GB) - Space Gray (Renewed)",$979.00,"$1,149.99",4.3,23,https://m.media-amazon.com/images/I/61wDxPfqfJL._AC_UY218_.jpg
ipad,B074PXS24F,https://www.amazon.com/Apple-iPad-128GB-Space-Model/dp/B074PXS24F,False,"Apple iPad 9.7 with WiFi, 128GB- Space Gray (2017 Model) - (Renewed)",$184.00,,4.5,"2,405",https://m.media-amazon.com/images/I/71Mt4JAZQtL._AC_UY218_.jpg
ipad,B0B493Q7P5,https://www.amazon.com/Early-Apple-Wi-Fi-Space-Renewed/dp/B0B493Q7P5,False,"Early 2022 Apple iPad Air 5th Gen (10.9 inch, Wi-Fi, 64GB) Space Gray (Renewed)",,,4.4,282,https://m.media-amazon.com/images/I/71Mt4JAZQtL._AC_UY218_.jpg
ipad,B0BFC3QZLM,https://www.amazon.com/Apple-iPad-7th-Gen-Renewed/dp/B0BFC3QZLM,False,Apple iPad (7th Gen.) - 32GB - WiFi - Gold (Renewed Premium),$250.00,,3.6,4,https://m.media-amazon.com/images/I/61wDxPfqfJL._AC_UY218_.jpg
ipad,B098D6LZLW,https://www.amazon.com/Samsung-Lite-Gray-SM-T220NZAAXAR-Renewed/dp/B098D6LZLW,False,"Samsung Tab A7 Lite 8.7"" Gray 32GB (SM-T220NZAAXAR) (Renewed)",$105.99,$129.00,4.2,300,https://m.media-amazon.com/images/I/61wDxPfqfJL._AC_UY218_.jpg
ipad,B01KAKPFF4,https://www.amazon.com/Apple-Tablet-128GB-Wi-Fi-Renewed/dp/B01KAKPFF4,False,"Apple iPad Pro Tablet (128GB, Wi-Fi, 9.7in) Gray (Renewed)",$239.00,,4.5,"2,269",https://m.media-amazon.com/images/I/71Mt4JAZQtL._AC_UY218_.jpg
ipad,B06XKHTXPB,https://www.amazon.com/Apple-iPad-Pro-Rose-Gold/dp/B06XKHTXPB,False,"Apple iPad Pro Tablet (256 GB, LTE, 9.7in) Rose Gold (Renewed)",$289.00,,4.2,70,https://m.media-amazon.com/images/I/71Mt4JAZQtL._AC_UY218_.jpg
ipad,B0785RYY7M,https://www.amazon.com/Apple-iPad-10-5-inch-64GB-Refurbished/dp/B0785RYY7M,False,"Apple iPad Pro 10.5-inch 64GB WiFi Only, Gold (Renewed)",$249.00,,4.3,205,https://m.media-amazon.com/images/I/71Mt4JAZQtL._AC_UY218_.jpg
ipad,B01HU7EDD0,https://www.amazon.com/Apple-iPad-Wi-Fi-7-9-Inch-Tablet/dp/B01HU7EDD0,False,Apple iPad mini 4 64GB (Wi-Fi) 7.9-Inch iOS Tablet - Silver (Renewed),$269.00,,4.3,125,https://m.media-amazon.com/images/I/71Mt4JAZQtL._AC_UY218_.jpg
ipad,B07VN96QB7,https://www.amazon.com/Apple-iPad-Air-10-5-inch-Wi-Fi-256GB/dp/B07VN96QB7,False,Apple iPad Air 3 Gray 256GB WiFi,$282.00,,4.5,"2,007",https://m.media-amazon.com/images/I/71Mt4JAZQtL._AC_UY218_.jpg
ipad,B07Q8RX57R,https://www.amazon.com/Apple-iPad-Pro-12-9-inch-Generation/dp/B07Q8RX57R,False,"Apple iPad Pro 12.9-inch, 3rd Generation - Wi-Fi, 256GB - Space Gray (Renewed)",$553.90,,4.4,"3,496",https://m.media-amazon.com/images/I/71Mt4JAZQtL._AC_UY218_.jpg
ipad,B00TREI0IY,https://www.amazon.com/Apple-MH1J2LL-NEWEST-VERSION-Refurbished/dp/B00TREI0IY,False,"Apple iPad Air 2 MH1J2LL/A (128GB, Wi-Fi, Gold) NEWEST VERSION (Renewed)",$174.95,,4.3,521,https://m.media-amazon.com/images/I/71Mt4JAZQtL._AC_UY218_.jpg
ipad,B07FLY6MF9,https://www.amazon.com/Apple-Wi-Fi-128GB-Alternative-MR7J2LL/dp/B07FLY6MF9,False,Apple iPad 6thGEn Wi-Fi 128GB Space Gray - Early 2018 (Renewed),$206.00,,4.6,"1,294",https://m.media-amazon.com/images/I/71Mt4JAZQtL._AC_UY218_.jpg
ipad,B07XL7Q8MY,https://www.amazon.com/Apple-iPad-10-2-Inch-Wi-Fi-Cellular/dp/B07XL7Q8MY,False,"Apple iPad (10.2-inch, Wi-Fi + Cellular, 32GB) - Silver (Previous Model)",,,4.5,156,https://m.media-amazon.com/images/I/71Mt4JAZQtL._AC_UY218_.jpg
ipad,B08CVV1PND,https://www.amazon.com/Apple-iPad-12-9-inch-Wi-Fi-128GB/dp/B08CVV1PND,False,"2020 Apple iPad Pro (12.9-inch, Wi-Fi, 128GB) - Space Gray (Renewed)",$699.95,,4.5,"1,482",https://m.media-amazon.com/images/I/71Mt4JAZQtL._AC_UY218_.jpg
ipad,B0BJLBB4MV,https://www.amazon.com/Apple-2022-12-9-inch-iPad-Pro-Wi-Fi/dp/B0BJLBB4MV,False,"Apple iPad Pro 12.9-inch (6th Generation): with M2 chip, Liquid Retina XDR Display, 2TB, Wi-Fi 6E, 12MP front/12MP and 10MP Back Cameras, Face ID, All-Day Battery Life – Space Gray","$2,193.87",,4.7,978,https://m.media-amazon.com/images/I/81c+9BOQNWL._AC_UY218_.jpg
ipad,B08J65DST5,https://www.amazon.com/Apple-iPad-10-2-inch-Wi-Fi-32GB/dp/B08J65DST5,False,"Apple 2020 iPad (10.2-inch, Wi-Fi, 32GB) - Space Gray (8th Generation)",$359.00,,4.9,"63,997",https://m.media-amazon.com/images/I/81c+9BOQNWL._AC_UY218_.jpg
ipad,B0BVQSWJCL,https://www.amazon.com/Keyboard-Expandable-Computer-Bluetooth-Certified/dp/B0BVQSWJCL,False,"2 in 1 Tablet, 10 inch Android 11 Tablet with Keyboard 4GB+64GB+512GB Expandable Dual Camera, IPS Touch Screen Tablet Computer, WiFi, Bluetooth, Long Battery Life, Google Certified Tablet PC, Black",$79.99,,4.3,41,https://m.media-amazon.com/images/I/81c+9BOQNWL._AC_UY218_.jpg
ipad,B0BTR8W14K,https://www.amazon.com/2022-Apple-iPad-10-9-inch-Wi-Fi/dp/B0BTR8W14K,False,"2022 Apple iPad (10.9-inch, Wi-Fi, 64GB) - Silver (Renewed)",,,4.6,75,https://m.media-amazon.com/images/I/81c+9BOQNWL._AC_UY218_.jpg
ipad,B07XZHYLN7,https://www.amazon.com/Apple-iPad-mini-Wi-Fi-Cellular/dp/B07XZHYLN7,False,"Apple iPad Mini 5th Generation (Wi-Fi + Cellular, 64GB) - Space Gray (Renewed)",$321.99,,4.6,"2,082",https://m.media-amazon.com/images/I/81c+9BOQNWL._AC_UY218_.jpg
ipad,B084BWX2SF,https://www.amazon.com/Apple-10-2-Inch-Wi-Fi-Cellular-128GB/dp/B084BWX2SF,False,"2019 Apple iPad 7th Gen (10.2 inch, Wi-Fi + Cellular, 128GB) Space Gray (Renewed)",$274.99,,4.5,172,https://m.media-amazon.com/images/I/81c+9BOQNWL._AC_UY218_.jpg
ipad,B07DNM8SG9,https://www.amazon.com/Apple-Factory-Unlocked-Cellular-Refurbished/dp/B07DNM8SG9,False,"Apple iPad Air 2 128GB Factory Unlocked (Wi-Fi + Cellular 4G LTE, Space Gray) Newest Version (Renewed)",$189.99,,4.1,240,https://m.media-amazon.com/images/I/81c+9BOQNWL._AC_UY218_.jpg
ipad,B07G4M8TXS,https://www.amazon.com/Apple-Generation-128GB-Silver-Refurbished/dp/B07G4M8TXS,False,"2018 Apple iPad (9.7-inch, Wi-Fi, 128GB) - Silver (Renewed)",$202.00,,4.5,642,https://m.media-amazon.com/images/I/81c+9BOQNWL._AC_UY218_.jpg
ipad,B08KFJM92J,https://www.amazon.com/Apple-iPad-10-2-inch-Wi-Fi-32GB/dp/B08KFJM92J,False,"Apple iPad (10.2-inch, Wi-Fi, 32GB) - Gold (Latest Model, 8th Generation) (Renewed)",$234.99,$249.00,4.6,"2,490",https://m.media-amazon.com/images/I/81c+9BOQNWL._AC_UY218_.jpg
ipad,B08J61FCVN,https://www.amazon.com/Apple-iPad-Air-10-9-inch-Wi-Fi-64GB/dp/B08J61FCVN,False,"Apple 2020 iPad Air (10.9-inch, Wi-Fi, 64GB) - Sky Blue (4th Generation)",$599.00,,4.8,"23,752",https://m.media-amazon.com/images/I/81c+9BOQNWL._AC_UY218_.jpg
ipad,B07GSL21XV,https://www.amazon.com/Apple-IPad-WI-FI-Space-Refurbished/dp/B07GSL21XV,False,Apple IPad Air 2 WI-FI 64GB Space Gray (Renewed),$159.00,,4.5,"2,575",https://m.media-amazon.com/images/I/81c+9BOQNWL._AC_UY218_.jpg
ipad,B07BKBB4N5,https://www.amazon.com/Apple-iPad-Generation-Wi-Fi-128GB/dp/B07BKBB4N5,False,"Apple iPad (5thGEneration) Wi-Fi, 128GB - Space Gray (Renewed)",$194.00,,4.6,"2,903",https://m.media-amazon.com/images/I/81c+9BOQNWL._AC_UY218_.jpg
ipad,B00TREI0AW,https://www.amazon.com/Apple-MGTY2LL-128GB-Silver-Refurbished/dp/B00TREI0AW,False,"Apple iPad Air 2 MGTY2LL/A (128GB, Wi-Fi, Silver) (Renewed)",$171.87,,4.1,377,https://m.media-amazon.com/images/I/81c+9BOQNWL._AC_UY218_.jpg
ipad,B07DW3W64Y,https://www.amazon.com/Apple-MGKL2LL-Wi-Fi-Space-Refurbished/dp/B07DW3W64Y,False,"Apple MGKL2LL/A iPad Air 2 64GB, Wi-Fi, (Space Gray) (Renewed)",$151.00,,4.4,"1,725",https://m.media-amazon.com/images/I/81c+9BOQNWL._AC_UY218_.jpg
ipad,B00TREI0D4,https://www.amazon.com/Apple-Space-Newest-Version-Renewed/dp/B00TREI0D4,False,"Apple iPad Air 2, 16 GB, Space Gray (Renewed)",$118.99,$129.00,4.3,"3,189",https://m.media-amazon.com/images/I/81c+9BOQNWL._AC_UY218_.jpg
ipad,B09XV4D87V,https://www.amazon.com/Toddler-Children-Toddlers-1280x800-Parental/dp/B09XV4D87V,False,YINOCHE Kids Tablet 10.1 inch Android Toddler Tablet for Kids Children Tablets for Toddlers with Dual Camera 2GB 32GB ROM 1280x800 HD IPS Touch Screen Parental Control YouTube Netflix (Ice Blue),$85.99,,4.1,145,https://m.media-amazon.com/images/I/81c+9BOQNWL._AC_UY218_.jpg
